Ad_Number,Headline_1,Headline_2,Headline_3,Description_1,Description_2,Final_URL_Path_1,Final_URL_Path_2
1,Better Brand Strategy Tool,More Comprehensive Platform,Professional Frameworks,Get complete brand strategy platform with AI-powered insights and implementation tools.,Positioning competitive analysis messaging and templates. Everything in one platform.,/compare,/platform
2,Brand Strategy Alternative,All-in-One Platform,Strategy + Implementation,Don't just get strategy. Get the tools and templates to implement it immediately.,Professional frameworks. AI-powered recommendations. Ready-to-use assets. Try free.,/alternative,/get-started
3,Complete Brand Platform,Strategy to Execution,Used by 10000+ Businesses,Get comprehensive brand strategy with instant implementation capabilities.,More than templates. Professional positioning frameworks and AI-powered guidance.,/complete,/assessment
4,Smarter Brand Strategy,Professional + Affordable,Expert Frameworks Included,Get the strategic depth you need at the price you can afford.,AI-powered platform with proven positioning frameworks. Start free today.,/smart-choice,/pricing
5,Professional Brand Tool,Strategy-First Approach,Implementation Included,Build strategic foundation first. Then implement with ready-to-use templates.,Complete brand strategy platform. Not just another template library. Try free.,/professional,/platform
6,Brand Strategy Platform,More Strategic Depth,Better Implementation,Get professional brand strategy that informs all your marketing decisions.,From positioning to messaging to assets. Complete brand development platform.,/platform,/get-started
7,Better Brand Solution,Comprehensive Framework,Expert + AI Powered,Get complete brand strategy solution. Not just pieces of the puzzle.,Competitive analysis audience research positioning messaging templates. All included.,/solution,/assessment
8,Strategic Brand Platform,Professional Quality,Accessible Pricing,Don't compromise on quality or price. Get both with Brandora.,Used by startups scale-ups and agencies. Professional frameworks. Fair pricing.,/strategic,/pricing
9,Brand Development Tool,Complete Not Partial,Strategy + Assets,Get the full picture. Strategic frameworks plus implementation tools.,Professional brand development made accessible. Join 10000+ businesses.,/development,/platform
10,Advanced Brand Strategy,AI-Powered Insights,Proven Frameworks,Get advanced brand strategy with AI-powered recommendations and expert frameworks.,More strategic depth. Better implementation tools. Professional results. Try free.,/advanced,/free-trial
