Ad_Number,Campaign,Primary_Text,Headline,Description,CTA_Button,Image_Concept,Target_Audience
1,Brand Awareness,"Most startups wait too long to define their brand positioning. By the time they realize it matters, they've already lost momentum to competitors with clearer messaging.",Professional Brand Strategy in 30min,No $15K agency fee required,Learn More,Frustrated founder at laptop looking at competitor websites,Founders 25-45 startup interest
2,Brand Awareness,"Your competitor just raised $2M. Same product. Same market. Different story. The difference? Crystal-clear brand positioning that investors and customers understood immediately.",Clarity Drives Capital,Build your strategic edge today,Start Free,Split screen - unclear vs clear brand positioning,Founders 25-45 startup interest
3,Brand Awareness,"You've spent 6 months building. 100+ hours perfecting your product. But when someone asks what makes you different... crickets. Time to fix that.",Discover What Makes You Unique,Professional frameworks $49-$149,Get Started,Builder/founder proud of product but struggling to explain it,Founders 25-45 startup interest
4,Brand Awareness,"The best product doesn't always win. The product with the clearest positioning does. Make yours impossible to ignore.",Brand Positioning Platform,Used by 10000+ entrepreneurs,Try Free,Product on podium with spotlight,Founders 25-45 startup interest
5,Brand Awareness,"We analyzed 10000+ brand strategies. The common thread? They all started with three questions. Want to know what they are?",Start Your Free Assessment,Get personalized recommendations,Take Assessment,Question marks turning into lightbulbs,Founders 25-45 startup interest
6,Brand Awareness,"Brand strategy used to cost $50K and take 6 months. Then AI changed everything. Same professional frameworks. Fraction of the time and cost.",AI-Powered Brand Strategy,Professional quality accessible pricing,Learn How,Traditional consultant vs modern AI platform,Founders 25-45 startup interest
7,Brand Awareness,"10000 entrepreneurs chose clarity over confusion. They built brands that stand out attract ideal customers and command premium prices. Your turn.",Join 10000+ Clear Confident Brands,Strategy to implementation in 30min,Get Started,Community of successful diverse entrepreneurs,Founders 25-45 startup interest
8,Brand Awareness,"Stop competing on price. Start competing on positioning. The brands that win aren't the cheapest—they're the clearest about their unique value.",Differentiate or Disappear,Build your strategic foundation,Start Free,Price race to bottom vs value-based positioning,Founders 25-45 startup interest
9,Brand Awareness,"Your brand isn't just your logo. It's the promise you make the position you own and the perception you create. Time to get strategic about all three.",More Than a Logo,Professional brand strategy platform,Explore Platform,Logo evolving into complete brand ecosystem,Founders 25-45 startup interest
10,Brand Awareness,"If you can't explain your unique value in 30 seconds, you're losing customers every day. Brandora helps you find the words that win.",Find Your Positioning in 30min,AI-powered expert frameworks,Try Free Assessment,Founder confidently explaining value prop,Founders 25-45 startup interest
11,Lead Generation,"Take our free brand assessment. Get personalized positioning recommendations in 30 minutes. Join 10000+ entrepreneurs who discovered their strategic edge.",Get Your Free Brand Assessment,Personalized strategy recommendations,Sign Up,Assessment interface with results,Assessment completers
12,Lead Generation,"Download our Brand Strategy Playbook—the same frameworks agencies charge $15K to walk you through. Yours free today.",Free Brand Strategy Playbook,Professional frameworks free download,Download Now,Professional playbook/guide cover,Content downloaders
13,Retargeting,"You started the assessment. Don't stop now. Your brand strategy is 15 minutes away from crystal clarity.",Complete Your Brand Assessment,Get personalized recommendations,Finish Now,Progress bar nearly complete,Assessment starters
14,Retargeting,"Still thinking about it? While you wait your competitors are getting clearer. Professional brand strategy starts at just $49.",Ready to Build Your Brand?,Strategy to implementation included,Get Started,Clock ticking with competitor moving ahead,Pricing page viewers
15,Lookalike,"Sarah went from confused positioning to 3X revenue in 6 months. Her secret? Crystal-clear brand strategy that attracted ideal customers.",Read Sarah's Success Story,See how Brandora helped,Learn More,Happy founder with revenue chart,Success story focus
16,Lookalike,"We saved $14500 on brand strategy and got better results. Here's exactly how we did it. - Marcus Founder & CEO",Professional Without the Price Tag,See how much you can save,Calculate Savings,Testimonial from real founder,Testimonial-driven
17,Lookalike,"From freelancer to agency. From $50/hr to $200/hr. Same skills. Different positioning. Brand strategy changed everything for me.",Transform Your Positioning,Professional frameworks that work,Start Free,Before/after transformation visual,Transformation focus
18,Lookalike,"1000 strategy sessions. 500 startups. One platform. Discover why founders choose Brandora for professional brand development.",Trusted by 10000+ Entrepreneurs,See what they're building,Explore Platform,Diverse founders using platform,Social proof emphasis
