Ad_Number,Intro_Text,Headline,Image_Concept,CTA_Button,Target_Audience
1,"The most successful Series A pitches have one thing in common: crystal-clear brand positioning. Investors don't fund confusion. They fund clarity. Brandora helps startups build the strategic foundation that attracts capital. Same frameworks top consultants use. Accessible pricing. Instant implementation.",Professional Brand Strategy for Startups,Founder confidently presenting to investors,Learn More,"Founders, VPs Marketing, Startup Employees"
2,"Your marketing team just spent $50K on campaigns. Your brand positioning is still unclear. Result? Wasted budget and confused customers. Fix the foundation first. Brandora provides the strategic clarity that makes every marketing dollar more effective. Used by marketing leaders at 10000+ companies.",Strategic Foundation for Marketing Success,Marketing funnel with strong foundation,Get Started,"Marketing Managers, CMOs, Marketing Directors"
3,"Brand strategy consulting: $15K-$50K. Timeline: 3-6 months. Brandora: $49-$149. Timeline: 30 minutes. Quality: Professional. Implementation: Immediate. The ROI is obvious. See why 10000+ businesses chose the smarter path to strategic clarity.",The Smart Alternative to Brand Agencies,Cost and time comparison chart,See Pricing,"Business Owners, Founders, Marketing Professionals"
4,"Agencies charge $20K to walk you through positioning frameworks. Brandora gives you the same frameworks for $149/month. Plus AI-powered insights. Plus ready-to-use templates. Plus unlimited access. The choice is clear.",Professional Frameworks Accessible Pricing,Framework templates on professional desk,Explore Platform,"Agency Owners, Marketing Consultants, Business Strategists"
5,"We analyzed what differentiates funded startups from those that struggle. Clear brand positioning ranked #3—right after product-market fit and team quality. Don't overlook the strategic foundation. Build it right with Brandora.",What Separates Funded from Unfunded?,Three pillars - Product Team Brand,Start Assessment,"Startup Founders, CEOs, Entrepreneurs"
6,"Your team doesn't have a shared understanding of your brand positioning. Sales says one thing. Marketing says another. Leadership says something else. This costs you deals daily. Brandora creates a single source of truth for your brand strategy. Align once communicate consistently forever.",Align Your Team on Brand Strategy,Team members pointing in same direction,Get Started,"VP Marketing, Chief Strategy Officer, COO"
7,"Professional services firms compete on expertise. But when everyone claims to be 'experts' how do you stand out? Strategic brand positioning. We've helped 1000+ professional service firms discover and articulate their unique value. B2B clients don't buy services—they buy differentiated solutions.",Stand Out in Professional Services,Professional services firm standing out from crowd,Learn More,"Professional Services, Consultants, B2B Service Providers"
8,"Marketing without brand strategy is like building without blueprints. You might get lucky. You'll probably waste resources. Smart marketers start with strategic foundation. Brandora provides the positioning frameworks messaging architecture and implementation tools that make marketing effective.",Start with Strategy Not Tactics,Blueprint transforming into building,Start Free Trial,"Marketing Professionals, Growth Marketers, CMOs"
9,"Your competitor just got clearer about their positioning. They're attracting your ideal customers with compelling differentiation. You're still competing on features and price. This is fixable. Brandora helps you discover your unique competitive position and communicate it with confidence.",Don't Let Competitors Out-Position You,Race with competitor pulling ahead,Get Assessment,"Business Owners, Competitive Strategists, Marketing Leaders"
10,"The best marketing teams have one thing in common: they start every campaign with clear brand strategy. Positioning informs messaging. Messaging drives conversion. Strategy makes everything else work better. Build your foundation with Brandora. Join marketing teams at 10000+ companies.",Strategic Marketing Starts with Brand,Strong foundation supporting successful campaigns,Explore Platform,"Marketing Teams, Brand Managers, Growth Teams"
